epoch,lr,train_loss,loss_cls,loss_bbox,loss_giou,loss_dfl,val_loss,val_mAP50,val_mAP5095,val_AP_small,val_AP_medium,val_AP_large,val_precision,val_recall,AP_crack_longitudinal,AP_crack_transverse,AP_crack_alligator,AP_pothole,AP_crack_structural,AP_litter,AP_manhole_damaged,AP_manhole_missing,epoch_time_s,peak_vram_gb
1,3.335665966876604e-05,31.17935610653268,0.2022350193514331,0.5817399668808217,0.9179550117288138,0.0,21.78968778371356,0.04354060301543375,0.009217866252178762,1.1137698628431893e-05,0.0050286541096303365,0.009586083848899179,0.04354060301543375,0.18639726327275108,5.303135226641441e-07,0.0,0.007249115533788987,1.2610190017475304e-05,0.0021984448795771454,0.00028427143773358213,0.043567400573680304,0.020430557089109926,4402.2,1.78
2,6.668999300209937e-05,21.532488612657325,0.3023819561515477,0.2872944862132621,0.7708383008283874,0.0,18.736605995224537,0.025411690289080864,0.007055326271523245,0.0005077430820005076,0.005828180562706876,0.0075565731260453795,0.025411690289080864,0.2810529583534537,2.2390849381828226e-05,3.651879542186061e-05,0.009014067039746604,8.2837088132647e-06,0.0027722760742252494,0.0003916360612385216,0.02684309742425265,0.017354340219105965,4269.3,1.78
3,0.0001,19.930988379371417,0.3293273615659995,0.2389240077510639,0.7444466412458349,0.0,18.50929502539586,0.021600478024246902,0.00626896486944669,4.1254125412541255e-05,0.011549237897499476,0.006699673453286443,0.021600478024246902,0.2896280962026656,1.0939454355596374e-05,3.5805998673791884e-05,0.014166403019406498,3.9374726005935314e-05,0.00445980519888143,0.00036387332699175715,0.020715579184086418,0.010359938047172099,4277.5,1.78
4,9.992483506344915e-05,19.63483250917672,0.3288301519308016,0.23169909063474184,0.7329747860146028,0.0,18.039319945953316,0.030613502652713565,0.009391170018697456,1.5866971312515868e-06,0.008953711096918622,0.010182754852349285,0.030613502652713565,0.28395143928828415,1.6581661714352454e-05,5.863779761954492e-05,0.021334933602682783,3.396846548628155e-05,0.002666568312500992,0.00029915387564048447,0.026972801629432077,0.02374671480450313,4201.7,1.78
5,9.96995685272385e-05,16.412531471430317,0.33625886334406857,0.1827936580208357,0.5789123204815685,0.0,13.333182896324365,0.036186713415070564,0.011965150339922499,0.00018249169382665277,0.02289744219843742,0.013615860276523443,0.036186713415070564,0.3527245891509502,0.0001438826968703504,6.722523818677346e-07,0.020757685736484264,0.00030456150191528474,0.008387747544321467,0.002724225843502661,0.046968989858300864,0.016433437285603217,4213.3,1.78
6,9.932488451843476e-05,13.94845265655159,0.3431628208330523,0.14207415011384417,0.47666033176313494,0.0,12.357379477008413,0.04364975892248153,0.014776350183139804,9.920130288920554e-06,0.028441125347853285,0.016549858694222833,0.04364975892248153,0.40703834026872543,0.00027902683458355654,0.00022652949410951418,0.0284449509263729,0.00015238386011821498,0.009053528018546543,0.0004899615157647173,0.05002763192662796,0.029536788888995018,4198.1,1.78
7,9.880192094005806e-05,13.471214953593984,0.34177214666528305,0.13191041482305443,0.4575794772571177,0.0,11.99512484021589,0.04362332237115678,0.01551028414338083,0.0008290343287569402,0.027875959194069846,0.017781372872205395,0.04362332237115678,0.42857488610156225,0.00017007384214286895,0.00015466820884391078,0.03485799277967117,0.00020047867166032024,0.009694945991918157,0.0007796482125195205,0.0576399087822403,0.02058455665805038,4515.2,1.78
8,9.81322660153079e-05,13.075916102042509,0.3380305584241967,0.12539427526324506,0.44157951506767723,0.0,11.552194239433511,0.04807845056700027,0.018413428679266125,0.0007152148655122128,0.028837261485279462,0.021269333492590005,0.04807845056700027,0.45341203062805924,0.0005109711020362933,0.00021747949576328402,0.029543875807352418,0.00048270667792763315,0.01029301106037326,0.0008394654401416812,0.07182015820208386,0.03359976164845055,4649.8,1.78
9,9.73179534641814e-05,12.885343983143269,0.3421295911208883,0.1217585339774119,0.4343250608380361,0.0,11.29780631909094,0.049720107876622066,0.018443504853103115,0.00019899630374102637,0.022767646323140704,0.019863002761497276,0.049720107876622066,0.46345160077527126,0.00040302090044742466,0.0003736131719018974,0.018413010413597806,0.00046146870101672105,0.005309388112459651,0.0008750131837132816,0.09379929570468482,0.027913228637003344,4424.5,1.78
10,9.636145632713268e-05,12.521078428227957,0.3333456081365918,0.11644847160038282,0.4209385348228998,0.0,11.030533736002374,0.06366869868540144,0.02714600329216029,0.00035226992015278074,0.04441345882714968,0.029244012300907906,0.06366869868540144,0.48052449165912,0.0007954331741980814,0.00020738017894126378,0.02794499226431613,0.00042396992059772333,0.012338225442393654,0.0011200179795694976,0.11489921518788307,0.059438792189382916,4365.6,1.78
11,9.526567945453009e-05,12.308323115786065,0.3282148827528675,0.1133318587635926,0.4140163911896655,0.0,10.842275462649848,0.07674332164328258,0.03270496596787398,0.0013340308749775496,0.03999387927289206,0.03641581847286901,0.07674332164328258,0.4953068477661744,0.0007973869889283742,0.0002501348473700006,0.02708953173902221,0.0005643247609222982,0.010718691424914405,0.0013638958203219206,0.1368778322861764,0.08397792987533624,4661.5,1.78
12,9.403395068472121e-05,11.873741461213141,0.31707784907041653,0.10780771442236575,0.3993698063555325,0.0,10.63509369883789,0.09270917199547392,0.041573372902410005,0.0007510277997586036,0.04831565345911894,0.046987871098834434,0.09270917199547392,0.5132594894900349,0.0010132068766852504,0.0002788497624058613,0.03111740640216076,0.0009112574636848013,0.015212547840044348,0.0018138365288350954,0.1819453597837169,0.100294518561747,4324.5,1.78
13,9.267001073749719e-05,11.500924376639727,0.31325436564036946,0.10144381593631041,0.38484754002623334,0.0,10.387850314514548,0.10371057336472604,0.04751948120921008,0.0005167649992055235,0.04748344258600879,0.05430614842983962,0.10371057336472604,0.5356164678862168,0.001304050041516176,0.00057263111370492,0.03767138721881499,0.0008830057125517279,0.01468528418573199,0.004425660557424155,0.20950622647422054,0.1111076043697161,5889.0,1.78
14,9.117800185364963e-05,11.215553767201834,0.30713166182644497,0.09789789217004205,0.3738896599309018,0.0,10.146412368707482,0.10508692279412078,0.04936533743337607,0.000553860591688522,0.056062987946518324,0.05671298470962764,0.10508692279412078,0.5526235902669778,0.0018434820593597797,0.0004532063174966967,0.03880343314833308,0.0014577962863022275,0.013425719997426715,0.00493032122779356,0.2266176778334318,0.1073910625968647,4781.8,1.78
15,8.956245521512149e-05,10.862515753000375,0.2927418634808363,0.09574483183579488,0.36646446706519464,0.0,9.926172016459333,0.11239933376270436,0.054352833780760515,0.0001735811758772639,0.06156683270259555,0.06374670903588497,0.11239933376270436,0.568728814262541,0.0025935470259586904,0.0006674909774125672,0.04840347730741014,0.0015823951159197843,0.013975894829473288,0.0046513964022691185,0.2495073704864416,0.11344109810119901,6302.0,1.78
16,8.782827718395637e-05,10.525574817257935,0.2856460872096073,0.09160461569678122,0.3546305588755641,0.0,9.682607403379558,0.1216786322434094,0.06056319226116548,5.6090254697811005e-05,0.06520953386819939,0.07540069364443698,0.1216786322434094,0.5872060161109167,0.004278605005228423,0.0007390951389206553,0.052636845808041656,0.0022586456198977088,0.018769163586240395,0.008167679637098229,0.2728050201266027,0.12485048316729408,6417.8,1.78
17,8.598073440183835e-05,10.14438264430527,0.2712263858617517,0.0885442669799443,0.3458047588892154,0.0,9.43109876829728,0.134343774649827,0.06946052755864866,0.00016518355754423643,0.07140315812840296,0.08851514372925741,0.134343774649827,0.6000528975168609,0.003989491074493874,0.0009984471945515164,0.05512479556336834,0.0019436806735984825,0.020606504491514473,0.02703971273359203,0.29755757882447975,0.1484240099135908,6071.8,1.78
18,8.40254377954742e-05,9.934912178338399,0.267122295963481,0.08651828061940761,0.340510265570204,0.0,9.144179213929474,0.14494143765531803,0.07913829760443993,0.0018321072110292704,0.0790476332106593,0.10119122115491547,0.14494143765531803,0.6135193435442681,0.004647358618456726,0.0013180144193365067,0.05660360538835876,0.0024440748672410395,0.02188047691813823,0.04648510014625234,0.32081906750134265,0.1789086829763932,6137.3,1.78
19,8.196832553639343e-05,9.71434511346885,0.25438449959578924,0.08494194364676087,0.3377758942195876,0.0,8.911907186617205,0.16154698018639146,0.09024499926254398,0.0013331885581846516,0.0845340333124702,0.11625439162307931,0.16154698018639146,0.6291015576598542,0.004936851275309712,0.0016095275304462593,0.060700376865047964,0.00286848338060752,0.023971521874157277,0.06639527316510872,0.3611589427519793,0.20031901725769513,6191.1,1.78
20,7.981564500691652e-05,9.458078376778696,0.24364590578086212,0.08390281575218422,0.3299304024336325,0.0,8.675368614387416,0.18070217175884182,0.10111107679305392,0.0012777258933861836,0.09096053555247674,0.13065000746864838,0.18070217175884182,0.6402165358871363,0.005562748474388039,0.00181497024932763,0.06424957607067368,0.003271483729176117,0.02569542717771033,0.08346083044265135,0.39475736314478305,0.23007621505572123,6140.7,1.78
21,7.757393382706014e-05,9.314352012668692,0.24267278101984358,0.08199245550722262,0.32460243188310617,0.0,8.464071905348591,0.18900029124651282,0.10817252650058,0.0014426475958786897,0.10038455477863376,0.14082631459205736,0.18900029124651282,0.6510181580151904,0.00607591846718177,0.004971028005484567,0.06865874016237442,0.003643858045631259,0.030461818055684126,0.09603194706761621,0.4183428954637804,0.23719400673688723,6239.6,1.78
22,7.525e-05,9.177279120498056,0.23667157725173454,0.08088018335776659,0.32250775621676997,0.0,8.26799514857186,0.20014147994156856,0.11581560298713611,0.0031319885451560653,0.10804088352386933,0.1516461291087603,0.20014147994156856,0.6629468165776261,0.00784820711638771,0.0026660024386796735,0.07604920846763821,0.00427278399253311,0.03228394460845406,0.10940108974222777,0.44534167831989113,0.2486619092112772,6172.8,1.78
23,7.285090123638902e-05,8.990007998647554,0.22981781024892745,0.07927620772583469,0.31562773241491676,0.0,8.081508098091202,0.20799692309701076,0.1228151549294915,0.0029285216593128213,0.1171743584371729,0.16076737827802806,0.20799692309701076,0.6736302388981044,0.008766321276438078,0.004029827012030974,0.08294838620543628,0.00505936946305756,0.03435825188002944,0.11897186162541444,0.4631221429422109,0.26526507903131424,6104.6,1.78
24,7.0383923520322e-05,8.801620433948955,0.2282090869745207,0.07634973735705337,0.3095434210298621,0.0,7.9390617273258375,0.21190494672806867,0.127281871964773,0.002728353566119204,0.12338943492559747,0.1666572349981938,0.21190494672806867,0.6856302471761337,0.010002397942683835,0.004603984477931676,0.08212112217089089,0.005847399840775429,0.03427306178677975,0.12836315797921746,0.4767943376075494,0.2762495139123555,6131.4,1.78
25,6.785655898204135e-05,8.694701996852391,0.22194770580054,0.07580544861806471,0.3097923318071557,0.0,7.820296768936825,0.2168880609374166,0.13246919414312752,0.00624404501150954,0.12876789168496233,0.1728071659662704,0.2168880609374166,0.6955609378411327,0.010960146817863945,0.004363607719091283,0.0861279057818504,0.0065975208906509375,0.035476169800812495,0.13741779953029695,0.4864210471557888,0.2923893554486654,6171.8,1.78
26,6.527648314458389e-05,8.518045665807028,0.2194812685295776,0.07393881214899062,0.30284691396294383,0.0,7.710068867932303,0.22233450559258022,0.13702573230427878,0.006002072775684636,0.1369135958348377,0.17923115327662287,0.22233450559258022,0.7066366222054434,0.012133115409792004,0.004438124999994249,0.08945386632633083,0.007140657546199785,0.03795918238431981,0.14421782893558246,0.5001957052760613,0.3006673775559499,13241.2,1.78
27,6.265153161346956e-05,8.339250188249164,0.21148984069983012,0.07263223554272812,0.2972039409050214,0.0,7.600474070634846,0.22907986802292918,0.14209083658191568,0.0042846395329719875,0.1404096649241107,0.186829636605282,0.22907986802292918,0.712013665228951,0.012745860444191256,0.005051013214039355,0.09157141136786665,0.00803330174255976,0.04268152602445426,0.15002947549839385,0.5122133561132916,0.31440074825052855,6113.1,1.78
28,5.998967628022506e-05,8.152749356365863,0.20631518594091336,0.07039213205284957,0.2930746561524698,0.0,7.498593406594228,0.23786918457616502,0.14738433811497906,0.005745116398728136,0.1372895684734925,0.1938114173750709,0.23786918457616502,0.718774075652447,0.014091962194459596,0.005902008286609449,0.10064117742208442,0.01117973040148976,0.0473693507188352,0.15504940914350668,0.5216321094711668,0.3232089572816807,5877.8,1.78
29,5.729900111201121e-05,8.072166160185331,0.20475219625071525,0.06930005053652,0.2909596716537974,0.0,7.416610841647236,0.24669305650393272,0.15212396986660406,0.00397246815700962,0.1360612056088014,0.2005310308768221,0.24669305650393272,0.7225803108458551,0.01559719824766364,0.00696675451980668,0.1108140329851157,0.013102017889910117,0.05000510076928681,0.16030855910979142,0.531385530541796,0.32881256486946225,6196.2,1.78
30,5.458767760088046e-05,7.893976574387055,0.19964012628080188,0.06803178892042903,0.2837503445809149,0.0,7.346938734161326,0.25747282175320413,0.1588375726251343,0.005976249524668873,0.1395972806637758,0.2093352624435468,0.25747282175320413,0.7283237497667139,0.016605964790683936,0.00935989393016561,0.12252990827155967,0.014142032197908633,0.05512960133764248,0.167420909196988,0.5405151965646429,0.344997074711483,6086.9,1.78
31,5.1863939947224026e-05,7.711620744093796,0.1944390867142691,0.06653473306631333,0.27766425901747815,0.0,7.275822065676665,0.26642332172303534,0.1643740222827471,0.006533123714468847,0.14081808326201725,0.2166398741052269,0.26642332172303534,0.7369715394817857,0.019527459244094512,0.009815160540396007,0.1370869222469576,0.013489081509600676,0.05845669573863757,0.1738243749981224,0.5504649628956834,0.3523275210884847,6078.1,1.78
